date,processed_log_return_wtmra_0,processed_log_return_wtmra_0_year,processed_log_return_wtmra_0_month,processed_log_return_wtmra_0_day,processed_log_return_wtmra_0_hour,processed_log_return_wtmra_0_dayofweek,processed_log_return_wtmra_0_dayofyear,processed_log_return_wtmra_0_days_in_month
2022-01-01,-0.2750207149044335,2022,1,1,0,5,1,31
2022-01-02,0.3798155247084434,2022,1,2,0,6,2,31
2022-01-03,-0.0716634325512226,2022,1,3,0,0,3,31
2022-01-04,-0.1913837681380776,2022,1,4,0,1,4,31
2022-01-05,0.2630546430368546,2022,1,5,0,2,5,31
2022-01-06,-0.4194647098928732,2022,1,6,0,3,6,31
2022-01-07,0.5278031009296796,2022,1,7,0,4,7,31
2022-01-08,-0.3479378535646508,2022,1,8,0,5,8,31
2022-01-09,0.0624502230359492,2022,1,9,0,6,9,31
2022-01-10,0.1826486755316292,2022,1,10,0,0,10,31
2022-01-11,-0.3799671043022966,2022,1,11,0,1,11,31
2022-01-12,0.1379412156811904,2022,1,12,0,2,12,31
2022-01-13,0.4969917384608494,2022,1,13,0,3,13,31
2022-01-14,-0.7074884499191075,2022,1,14,0,4,14,31
2022-01-15,0.4676270914373128,2022,1,15,0,5,15,31
2022-01-16,-0.3922385327567974,2022,1,16,0,6,16,31
2022-01-17,0.1349691929187976,2022,1,17,0,0,17,31
2022-01-18,0.4958467769250237,2022,1,18,0,1,18,31
2022-01-19,-0.5388694576784983,2022,1,19,0,2,19,31
2022-01-20,0.0164697525201625,2022,1,20,0,3,20,31
2022-01-21,0.279249283630082,2022,1,21,0,4,21,31
2022-01-22,-0.2649435245005824,2022,1,22,0,5,22,31
2022-01-23,-0.1101081539846335,2022,1,23,0,6,23,31
2022-01-24,0.5217732150847572,2022,1,24,0,0,24,31
2022-01-25,-0.3975854841722857,2022,1,25,0,1,25,31
2022-01-26,-0.0563759780542462,2022,1,26,0,2,26,31
2022-01-27,0.3378595221277112,2022,1,27,0,3,27,31
2022-01-28,-0.302266760059677,2022,1,28,0,4,28,31
2022-01-29,0.0925818236842943,2022,1,29,0,5,29,31
2022-01-30,0.1264599835870845,2022,1,30,0,6,30,31
2022-01-31,-0.2227100233396783,2022,1,31,0,0,31,31
2022-02-01,0.036032524923547,2022,2,1,0,1,32,28
2022-02-02,0.383007160739033,2022,2,2,0,2,33,28
2022-02-03,-0.5577566941527408,2022,2,3,0,3,34,28
2022-02-04,0.1620328918684866,2022,2,4,0,4,35,28
2022-02-05,0.3262922227284668,2022,2,5,0,5,36,28
2022-02-06,-0.3328848577117944,2022,2,6,0,6,37,28
2022-02-07,-0.0078325807125938,2022,2,7,0,0,38,28
2022-02-08,0.2647544581154366,2022,2,8,0,1,39,28
2022-02-09,-0.3067504157177315,2022,2,9,0,2,40,28
2022-02-10,0.2471580913491554,2022,2,10,0,3,41,28
2022-02-11,-0.0489599583295514,2022,2,11,0,4,42,28
2022-02-12,-0.1656918016702405,2022,2,12,0,5,43,28
2022-02-13,0.1564936671054368,2022,2,13,0,6,44,28
2022-02-14,-0.0677604087086282,2022,2,14,0,0,45,28
2022-02-15,-0.1132304145697278,2022,2,15,0,1,46,28
2022-02-16,0.30771227916068,2022,2,16,0,2,47,28
2022-02-17,-0.1067172403009726,2022,2,17,0,3,48,28
2022-02-18,-0.1840823377029626,2022,2,18,0,4,49,28
2022-02-19,0.0303030388361509,2022,2,19,0,5,50,28
2022-02-20,0.2750508541785056,2022,2,20,0,6,51,28
2022-02-21,-0.1332794239730152,2022,2,21,0,0,52,28
2022-02-22,-0.3536755231366179,2022,2,22,0,1,53,28
2022-02-23,0.5181433691715649,2022,2,23,0,2,54,28
2022-02-24,-0.2158410046914274,2022,2,24,0,3,55,28
2022-02-25,-0.1912639085188113,2022,2,25,0,4,56,28
2022-02-26,0.3836246358474426,2022,2,26,0,5,57,28
2022-02-27,-0.1162549463924756,2022,2,27,0,6,58,28
2022-02-28,-0.4299299073478643,2022,2,28,0,0,59,28
2022-03-01,0.5842941253139332,2022,3,1,0,1,60,31
2022-03-02,-0.2182069094467417,2022,3,2,0,2,61,31
2022-03-03,-0.023481431579227,2022,3,3,0,3,62,31
2022-03-04,0.0815705479066382,2022,3,4,0,4,63,31
2022-03-05,-0.3119630034838798,2022,3,5,0,5,64,31
2022-03-06,0.4494758410127643,2022,3,6,0,6,65,31
2022-03-07,-0.2034433605472609,2022,3,7,0,0,66,31
2022-03-08,-0.1203072789817405,2022,3,8,0,1,67,31
2022-03-09,0.0005760394998254,2022,3,9,0,2,68,31
2022-03-10,0.3895417293889157,2022,3,10,0,3,69,31
2022-03-11,-0.3677858024460219,2022,3,11,0,4,70,31
2022-03-12,0.0304987885546131,2022,3,12,0,5,71,31
2022-03-13,0.1033722574219774,2022,3,13,0,6,72,31
2022-03-14,-0.0824718405216159,2022,3,14,0,0,73,31
2022-03-15,0.1124207003711306,2022,3,15,0,1,74,31
2022-03-16,-0.1977330943486041,2022,3,16,0,2,75,31
2022-03-17,0.272523795203658,2022,3,17,0,3,76,31
2022-03-18,-0.208574479345398,2022,3,18,0,4,77,31
2022-03-19,-0.0504952438852024,2022,3,19,0,5,78,31
2022-03-20,0.3605896715320745,2022,3,20,0,6,79,31
2022-03-21,-0.4011426999412971,2022,3,21,0,0,80,31
2022-03-22,0.1301195533378758,2022,3,22,0,1,81,31
2022-03-23,-0.0697988332423748,2022,3,23,0,2,82,31
2022-03-24,0.2528484585796542,2022,3,24,0,3,83,31
2022-03-25,-0.052824537275804,2022,3,25,0,4,84,31
2022-03-26,-0.3473616613434363,2022,3,26,0,5,85,31
2022-03-27,0.3021659087577201,2022,3,27,0,6,86,31
2022-03-28,0.0370108100846655,2022,3,28,0,0,87,31
2022-03-29,-0.214009588855905,2022,3,29,0,1,88,31
2022-03-30,0.1525874347260971,2022,3,30,0,2,89,31
2022-03-31,0.0647630314005132,2022,3,31,0,3,90,31
2022-04-01,-0.2610813426901771,2022,4,1,0,4,91,30
2022-04-02,0.2623719162741659,2022,4,2,0,5,92,30
2022-04-03,-0.1916671107863529,2022,4,3,0,6,93,30
2022-04-04,0.0522480971820553,2022,4,4,0,0,94,30
2022-04-05,0.1513866261964644,2022,4,5,0,1,95,30
2022-04-06,0.0311592286363428,2022,4,6,0,2,96,30
2022-04-07,-0.5044627344720738,2022,4,7,0,3,97,30
2022-04-08,0.6470641130923789,2022,4,8,0,4,98,30
2022-04-09,-0.5159341595746708,2022,4,9,0,5,99,30
2022-04-10,0.310285753355363,2022,4,10,0,6,100,30
2022-04-11,0.1620340380160596,2022,4,11,0,0,101,30
2022-04-12,-0.6098044077188854,2022,4,12,0,1,102,30
2022-04-13,0.4404508432683038,2022,4,13,0,2,103,30
2022-04-14,0.109807075603625,2022,4,14,0,3,104,30
2022-04-15,-0.3917270733199318,2022,4,15,0,4,105,30
2022-04-16,0.2831758268278442,2022,4,16,0,5,106,30
2022-04-17,0.0286527539770521,2022,4,17,0,6,107,30
2022-04-18,-0.278132862811864,2022,4,18,0,0,108,30
2022-04-19,0.1939773428466419,2022,4,19,0,1,109,30
2022-04-20,0.05232196642884,2022,4,20,0,2,110,30
2022-04-21,-0.0626064955705224,2022,4,21,0,3,111,30
2022-04-22,-0.0832135191220423,2022,4,22,0,4,112,30
2022-04-23,0.134937252048007,2022,4,23,0,5,113,30
2022-04-24,-0.1330800514645382,2022,4,24,0,6,114,30
2022-04-25,0.0235362365645699,2022,4,25,0,0,115,30
2022-04-26,0.3039493952810736,2022,4,26,0,1,116,30
2022-04-27,-0.5323806782181458,2022,4,27,0,2,117,30
2022-04-28,0.2952219426643809,2022,4,28,0,3,118,30
2022-04-29,0.1219755215062155,2022,4,29,0,4,119,30
2022-04-30,-0.0975238079418185,2022,4,30,0,5,120,30
2022-05-01,-0.3133126611264568,2022,5,1,0,6,121,31
2022-05-02,0.468592485708224,2022,5,2,0,0,122,31
2022-05-03,-0.1932436060264918,2022,5,3,0,1,123,31
2022-05-04,-0.3259246321781612,2022,5,4,0,2,124,31
2022-05-05,0.8138566654277744,2022,5,5,0,3,125,31
2022-05-06,-0.782579691369277,2022,5,6,0,4,126,31
2022-05-07,0.306588192584101,2022,5,7,0,5,127,31
2022-05-08,-0.0110445341311317,2022,5,8,0,6,128,31
2022-05-09,0.1750446625833923,2022,5,9,0,0,129,31
2022-05-10,-0.5981499764375142,2022,5,10,0,1,130,31
2022-05-11,0.8264061422721554,2022,5,11,0,2,131,31
2022-05-12,-0.3840077133265496,2022,5,12,0,3,132,31
2022-05-13,-0.4493844863088161,2022,5,13,0,4,133,31
2022-05-14,0.6912967264824298,2022,5,14,0,5,134,31
2022-05-15,-0.483162090015666,2022,5,15,0,6,135,31
2022-05-16,0.580357676561541,2022,5,16,0,0,136,31
2022-05-17,-0.6945108346377127,2022,5,17,0,1,137,31
2022-05-18,0.680032318923367,2022,5,18,0,2,138,31
2022-05-19,-0.7395376656132939,2022,5,19,0,3,139,31
2022-05-20,0.6418142365168689,2022,5,20,0,4,140,31
2022-05-21,-0.3934368494246162,2022,5,21,0,5,141,31
2022-05-22,0.1185850466600539,2022,5,22,0,6,142,31
2022-05-23,0.2221700530570628,2022,5,23,0,0,143,31
2022-05-24,-0.4239832200126701,2022,5,24,0,1,144,31
2022-05-25,0.2706255223897243,2022,5,25,0,2,145,31
2022-05-26,0.1008546360705618,2022,5,26,0,3,146,31
2022-05-27,-0.19531001104669,2022,5,27,0,4,147,31
2022-05-28,-0.0516731728468439,2022,5,28,0,5,148,31
2022-05-29,0.1457750272945399,2022,5,29,0,6,149,31
2022-05-30,-0.1879450457742027,2022,5,30,0,0,150,31
2022-05-31,0.1093911526411809,2022,5,31,0,1,151,31
2022-06-01,0.4928198007966378,2022,6,1,0,2,152,30
2022-06-02,-0.953509788865346,2022,6,2,0,3,153,30
2022-06-03,0.7773479622718419,2022,6,3,0,4,154,30
2022-06-04,-0.4015073733798542,2022,6,4,0,5,155,30
2022-06-05,0.160546060748752,2022,6,5,0,6,156,30
2022-06-06,-0.1955178338711223,2022,6,6,0,0,157,30
2022-06-07,0.3151745333619869,2022,6,7,0,1,158,30
2022-06-08,-0.3115888786812881,2022,6,8,0,2,159,30
2022-06-09,0.2214645000633288,2022,6,9,0,3,160,30
2022-06-10,0.0757641415513337,2022,6,10,0,4,161,30
2022-06-11,-0.363451739805075,2022,6,11,0,5,162,30
2022-06-12,0.4094645866538998,2022,6,12,0,6,163,30
2022-06-13,-0.2324867436765275,2022,6,13,0,0,164,30
2022-06-14,-0.1632986662558291,2022,6,14,0,1,165,30
2022-06-15,0.0837083536540646,2022,6,15,0,2,166,30
2022-06-16,0.6050439017797559,2022,6,16,0,3,167,30
2022-06-17,-0.8523005059512344,2022,6,17,0,4,168,30
2022-06-18,0.6229987323757664,2022,6,18,0,5,169,30
2022-06-19,-0.5761772675801098,2022,6,19,0,6,170,30
2022-06-20,0.4360117113155696,2022,6,20,0,0,171,30
2022-06-21,-0.0312803916065791,2022,6,21,0,1,172,30
2022-06-22,-0.022858105687846,2022,6,22,0,2,173,30
2022-06-23,-0.2834347985306665,2022,6,23,0,3,174,30
2022-06-24,0.2506648215062912,2022,6,24,0,4,175,30
2022-06-25,0.0518510070373245,2022,6,25,0,5,176,30
2022-06-26,-0.0796344052258763,2022,6,26,0,6,177,30
2022-06-27,-0.0524999279589844,2022,6,27,0,0,178,30
2022-06-28,0.1094684922339416,2022,6,28,0,1,179,30
2022-06-29,-0.1361488367167483,2022,6,29,0,2,180,30
2022-06-30,0.1013357264824337,2022,6,30,0,3,181,30
2022-07-01,0.0183401993072049,2022,7,1,0,4,182,31
2022-07-02,-0.1343094286661797,2022,7,2,0,5,183,31
2022-07-03,0.1403092440128286,2022,7,3,0,6,184,31
2022-07-04,-0.1275618936832013,2022,7,4,0,0,185,31
2022-07-05,0.2263122804745697,2022,7,5,0,1,186,31
2022-07-06,-0.2553854647810775,2022,7,6,0,2,187,31
2022-07-07,0.0493746656904269,2022,7,7,0,3,188,31
2022-07-08,0.2027047504433305,2022,7,8,0,4,189,31
2022-07-09,-0.3190843905432371,2022,7,9,0,5,190,31
2022-07-10,0.2848538797988907,2022,7,10,0,6,191,31
2022-07-11,-0.0382464412705948,2022,7,11,0,0,192,31
2022-07-12,-0.1069525344938888,2022,7,12,0,1,193,31
2022-07-13,-0.1678348899056078,2022,7,13,0,2,194,31
2022-07-14,0.3513545329923327,2022,7,14,0,3,195,31
2022-07-15,-0.1342972733438333,2022,7,15,0,4,196,31
2022-07-16,-0.1003244583988857,2022,7,16,0,5,197,31
2022-07-17,0.2703145338319658,2022,7,17,0,6,198,31
2022-07-18,-0.4876558608966498,2022,7,18,0,0,199,31
2022-07-19,0.3920167592263174,2022,7,19,0,1,200,31
2022-07-20,0.12967325823872,2022,7,20,0,2,201,31
2022-07-21,-0.421302051150586,2022,7,21,0,3,202,31
2022-07-22,0.3466836929672645,2022,7,22,0,4,203,31
2022-07-23,-0.4249665019150305,2022,7,23,0,5,204,31
2022-07-24,0.4541036462020855,2022,7,24,0,6,205,31
2022-07-25,0.0017083050769925,2022,7,25,0,0,206,31
2022-07-26,-0.3172399618579555,2022,7,26,0,1,207,31
2022-07-27,-0.0947349548195489,2022,7,27,0,2,208,31
2022-07-28,0.4884684941873374,2022,7,28,0,3,209,31
2022-07-29,-0.3152706385949523,2022,7,29,0,4,210,31
2022-07-30,0.0442154939596997,2022,7,30,0,5,211,31
2022-07-31,0.0694343184532519,2022,7,31,0,6,212,31
2022-08-01,-0.1001965778720368,2022,8,1,0,0,213,31
2022-08-02,0.1162483233085771,2022,8,2,0,1,214,31
2022-08-03,-0.1529174343423263,2022,8,3,0,2,215,31
2022-08-04,0.1294075055540522,2022,8,4,0,3,216,31
2022-08-05,-0.1247424458623404,2022,8,5,0,4,217,31
2022-08-06,0.2127613468420826,2022,8,6,0,5,218,31
2022-08-07,-0.2646246717653798,2022,8,7,0,6,219,31
2022-08-08,0.1592115992987949,2022,8,8,0,0,220,31
2022-08-09,0.1399049465427393,2022,8,9,0,1,221,31
2022-08-10,-0.4192213397314621,2022,8,10,0,2,222,31
2022-08-11,0.4306494094942836,2022,8,11,0,3,223,31
2022-08-12,-0.2439376804137595,2022,8,12,0,4,224,31
2022-08-13,0.0069663768883893,2022,8,13,0,5,225,31
2022-08-14,0.0914998585482827,2022,8,14,0,6,226,31
2022-08-15,0.0781003544574679,2022,8,15,0,0,227,31
2022-08-16,-0.2781789143662826,2022,8,16,0,1,228,31
2022-08-17,0.2426852124390189,2022,8,17,0,2,229,31
2022-08-18,-0.0590500948584234,2022,8,18,0,3,230,31
2022-08-19,0.1285942572218812,2022,8,19,0,4,231,31
2022-08-20,-0.3755740251573004,2022,8,20,0,5,232,31
2022-08-21,0.2187965439218023,2022,8,21,0,6,233,31
2022-08-22,0.1121946747412147,2022,8,22,0,0,234,31
2022-08-23,-0.1409598650434497,2022,8,23,0,1,235,31
2022-08-24,0.0811879299322669,2022,8,24,0,2,236,31
2022-08-25,-0.1355182746626699,2022,8,25,0,3,237,31
2022-08-26,0.3196750585622954,2022,8,26,0,4,238,31
2022-08-27,-0.5185657090909326,2022,8,27,0,5,239,31
2022-08-28,0.5548112218280589,2022,8,28,0,6,240,31
2022-08-29,-0.4973589067181094,2022,8,29,0,0,241,31
2022-08-30,0.347468850771474,2022,8,30,0,1,242,31
2022-08-31,-0.0522756675152988,2022,8,31,0,2,243,31
2022-09-01,-0.1647834755348985,2022,9,1,0,3,244,30
2022-09-02,0.2226168395320844,2022,9,2,0,4,245,30
2022-09-03,-0.2692392150021882,2022,9,3,0,5,246,30
2022-09-04,0.1402850731671859,2022,9,4,0,6,247,30
2022-09-05,0.1294146711405538,2022,9,5,0,0,248,30
2022-09-06,0.0252366899881674,2022,9,6,0,1,249,30
2022-09-07,-0.419090434537007,2022,9,7,0,2,250,30
2022-09-08,0.4105676299194991,2022,9,8,0,3,251,30
2022-09-09,-0.2365499433455235,2022,9,9,0,4,252,30
2022-09-10,0.15457010445842,2022,9,10,0,5,253,30
2022-09-11,-0.0372617797928134,2022,9,11,0,6,254,30
2022-09-12,-0.0182535944652593,2022,9,12,0,0,255,30
2022-09-13,0.1560654744568738,2022,9,13,0,1,256,30
2022-09-14,-0.4449723259618566,2022,9,14,0,2,257,30
2022-09-15,0.5087314037820453,2022,9,15,0,3,258,30
2022-09-16,-0.3477052588699568,2022,9,16,0,4,259,30
2022-09-17,0.0914822581727808,2022,9,17,0,5,260,30
2022-09-18,0.3087381611093811,2022,9,18,0,6,261,30
2022-09-19,-0.5306132659723616,2022,9,19,0,0,262,30
2022-09-20,0.3793913323080464,2022,9,20,0,1,263,30
2022-09-21,-0.1205136966824702,2022,9,21,0,2,264,30
2022-09-22,-0.1294949639216976,2022,9,22,0,3,265,30
2022-09-23,0.2227707288311902,2022,9,23,0,4,266,30
2022-09-24,-0.0266745160472041,2022,9,24,0,5,267,30
2022-09-25,-0.1178549686808248,2022,9,25,0,6,268,30
2022-09-26,0.0183283751050976,2022,9,26,0,0,269,30
2022-09-27,0.0843934052535677,2022,9,27,0,1,270,30
2022-09-28,-0.0543566438217769,2022,9,28,0,2,271,30
2022-09-29,-0.0381275173550206,2022,9,29,0,3,272,30
2022-09-30,0.0712614697081431,2022,9,30,0,4,273,30
2022-10-01,-0.0200038726250647,2022,10,1,0,5,274,31
2022-10-02,0.040820793673446,2022,10,2,0,6,275,31
2022-10-03,-0.15398514343769,2022,10,3,0,0,276,31
2022-10-04,0.1140949770022244,2022,10,4,0,1,277,31
2022-10-05,0.0613848933073826,2022,10,5,0,2,278,31
2022-10-06,-0.1024629004854296,2022,10,6,0,3,279,31
2022-10-07,0.0449597186623637,2022,10,7,0,4,280,31
2022-10-08,-0.0402879874813652,2022,10,8,0,5,281,31
2022-10-09,-0.0122864420678371,2022,10,9,0,6,282,31
2022-10-10,0.1704406079895547,2022,10,10,0,0,283,31
2022-10-11,-0.2099787040752673,2022,10,11,0,1,284,31
2022-10-12,0.0776494690185338,2022,10,12,0,2,285,31
2022-10-13,-0.0154941774816965,2022,10,13,0,3,286,31
2022-10-14,0.074617689928564,2022,10,14,0,4,287,31
2022-10-15,-0.0902364157105157,2022,10,15,0,5,288,31
2022-10-16,-0.0231943089064973,2022,10,16,0,6,289,31
2022-10-17,0.0760326150795062,2022,10,17,0,0,290,31
2022-10-18,0.03901122172589,2022,10,18,0,1,291,31
2022-10-19,-0.0446292172381128,2022,10,19,0,2,292,31
2022-10-20,-0.018358637902807,2022,10,20,0,3,293,31
2022-10-21,-0.1019301923147867,2022,10,21,0,4,294,31
2022-10-22,0.1826083136345178,2022,10,22,0,5,295,31
2022-10-23,-0.1128720006730408,2022,10,23,0,6,296,31
2022-10-24,0.1695533188865406,2022,10,24,0,0,297,31
2022-10-25,-0.4293519789190975,2022,10,25,0,1,298,31
2022-10-26,0.5127333829908363,2022,10,26,0,2,299,31
2022-10-27,-0.1044614314572921,2022,10,27,0,3,300,31
2022-10-28,-0.3417003520913368,2022,10,28,0,4,301,31
2022-10-29,0.2336722526228029,2022,10,29,0,5,302,31
2022-10-30,0.1766748903772979,2022,10,30,0,6,303,31
2022-10-31,-0.3109335975030445,2022,10,31,0,0,304,31
2022-11-01,0.1465802086799289,2022,11,1,0,1,305,30
2022-11-02,0.0956804064847605,2022,11,2,0,2,306,30
2022-11-03,-0.2066121599004426,2022,11,3,0,3,307,30
2022-11-04,-0.0817991456904288,2022,11,4,0,4,308,30
2022-11-05,0.3415315986741535,2022,11,5,0,5,309,30
2022-11-06,-0.0399962240153645,2022,11,6,0,6,310,30
2022-11-07,-0.3760855832585647,2022,11,7,0,0,311,30
2022-11-08,0.4860272080769059,2022,11,8,0,1,312,30
2022-11-09,-0.1507629110622515,2022,11,9,0,2,313,30
2022-11-10,-0.5864068262665864,2022,11,10,0,3,314,30
2022-11-11,0.8691349243968126,2022,11,11,0,4,315,30
2022-11-12,-0.3478563392636167,2022,11,12,0,5,316,30
2022-11-13,-0.0724424485640348,2022,11,13,0,6,317,30
2022-11-14,-0.0163821289397019,2022,11,14,0,0,318,30
2022-11-15,0.0623563351086099,2022,11,15,0,1,319,30
2022-11-16,0.0865604673025169,2022,11,16,0,2,320,30
2022-11-17,-0.070144180605888,2022,11,17,0,3,321,30
2022-11-18,-0.0858156393946903,2022,11,18,0,4,322,30
2022-11-19,0.0565109660440682,2022,11,19,0,5,323,30
2022-11-20,0.1695030844630513,2022,11,20,0,6,324,30
2022-11-21,-0.2051044434026967,2022,11,21,0,0,325,30
2022-11-22,-0.0546964066250428,2022,11,22,0,1,326,30
2022-11-23,0.1480550480728767,2022,11,23,0,2,327,30
2022-11-24,0.0241826171778404,2022,11,24,0,3,328,30
2022-11-25,-0.0826172255445115,2022,11,25,0,4,329,30
2022-11-26,0.0017946884627874,2022,11,26,0,5,330,30
2022-11-27,0.0221754582405766,2022,11,27,0,6,331,30
2022-11-28,0.0509308113603669,2022,11,28,0,0,332,30
2022-11-29,-0.1183278734393079,2022,11,29,0,1,333,30
2022-11-30,0.0157076956874897,2022,11,30,0,2,334,30
2022-12-01,0.1678828249885181,2022,12,1,0,3,335,31
2022-12-02,-0.2003418531437419,2022,12,2,0,4,336,31
2022-12-03,0.1078091778757196,2022,12,3,0,5,337,31
2022-12-04,-0.047500886357947,2022,12,4,0,6,338,31
2022-12-05,0.0479735687965661,2022,12,5,0,0,339,31
2022-12-06,-0.0489930279727911,2022,12,6,0,1,340,31
2022-12-07,0.0809588324869229,2022,12,7,0,2,341,31
2022-12-08,-0.1590715430901388,2022,12,8,0,3,342,31
2022-12-09,0.1611829916395144,2022,12,9,0,4,343,31
2022-12-10,-0.0925770420471158,2022,12,10,0,5,344,31
2022-12-11,0.0854242627788826,2022,12,11,0,6,345,31
2022-12-12,-0.0905350552886007,2022,12,12,0,0,346,31
2022-12-13,-0.0384327746450906,2022,12,13,0,1,347,31
2022-12-14,0.1515246091975348,2022,12,14,0,2,348,31
2022-12-15,-0.0998366897490358,2022,12,15,0,3,349,31
2022-12-16,0.2203044643242227,2022,12,16,0,4,350,31
2022-12-17,-0.4989786577890176,2022,12,17,0,5,351,31
2022-12-18,0.3838498643059235,2022,12,18,0,6,352,31
2022-12-19,0.0612506422646736,2022,12,19,0,0,353,31
2022-12-20,-0.335926244085022,2022,12,20,0,1,354,31
2022-12-21,0.3279445151385135,2022,12,21,0,2,355,31
2022-12-22,-0.2089623971737458,2022,12,22,0,3,356,31
2022-12-23,0.0763473568097044,2022,12,23,0,4,357,31
2022-12-24,0.036301045566111,2022,12,24,0,5,358,31
2022-12-25,-0.0466245951990381,2022,12,25,0,6,359,31
2022-12-26,-0.0778866573843974,2022,12,26,0,0,360,31
2022-12-27,0.171751654173689,2022,12,27,0,1,361,31
2022-12-28,-0.023279772056397,2022,12,28,0,2,362,31
2022-12-29,-0.1407884427673413,2022,12,29,0,3,363,31
2022-12-30,0.0412247826790464,2022,12,30,0,4,364,31
2022-12-31,0.0856592279570296,2022,12,31,0,5,365,31
2023-01-01,-0.0850680680346786,2023,1,1,0,6,1,31
2023-01-02,0.0528876747615928,2023,1,2,0,0,2,31
2023-01-03,0.0458354821386869,2023,1,3,0,1,3,31
2023-01-04,-0.2163898750383523,2023,1,4,0,2,4,31
2023-01-05,0.2911532368971278,2023,1,5,0,3,5,31
2023-01-06,-0.2088220556775678,2023,1,6,0,4,6,31
2023-01-07,0.1982072115502036,2023,1,7,0,5,7,31
2023-01-08,-0.3146307677541862,2023,1,8,0,6,8,31
2023-01-09,0.2063927117829872,2023,1,9,0,0,9,31
2023-01-10,0.0851875598145213,2023,1,10,0,1,10,31
2023-01-11,-0.0890968620032515,2023,1,11,0,2,11,31
2023-01-12,-0.062234995390935,2023,1,12,0,3,12,31
2023-01-13,-0.0287595463714417,2023,1,13,0,4,13,31
2023-01-14,0.1397473900175424,2023,1,14,0,5,14,31
2023-01-15,-0.026859525616786,2023,1,15,0,6,15,31
2023-01-16,-0.0925759403754633,2023,1,16,0,0,16,31
2023-01-17,0.0773598343298621,2023,1,17,0,1,17,31
2023-01-18,0.1251684475092775,2023,1,18,0,2,18,31
2023-01-19,-0.3484647779179519,2023,1,19,0,3,19,31
2023-01-20,0.1234862888842551,2023,1,20,0,4,20,31
2023-01-21,0.2645599763500944,2023,1,21,0,5,21,31
2023-01-22,-0.2665234326611632,2023,1,22,0,6,22,31
2023-01-23,0.1127017246955309,2023,1,23,0,0,23,31
2023-01-24,0.079579461290535,2023,1,24,0,1,24,31
2023-01-25,-0.3189729002831094,2023,1,25,0,2,25,31
2023-01-26,0.2816049232571196,2023,1,26,0,3,26,31
2023-01-27,-0.091696528797602,2023,1,27,0,4,27,31
2023-01-28,0.1106060441798028,2023,1,28,0,5,28,31
2023-01-29,-0.2686133926045501,2023,1,29,0,6,29,31
2023-01-30,0.4613972548420436,2023,1,30,0,0,30,31
2023-01-31,-0.5714661494495555,2023,1,31,0,1,31,31
2023-02-01,0.3725134755682437,2023,2,1,0,2,32,28
2023-02-02,-0.0438448407053261,2023,2,2,0,3,33,28
2023-02-03,-0.1029254424937329,2023,2,3,0,4,34,28
2023-02-04,0.10283135187346,2023,2,4,0,5,35,28
2023-02-05,-0.0262177486203154,2023,2,5,0,6,36,28
2023-02-06,0.0111620150401649,2023,2,6,0,0,37,28
2023-02-07,-0.2252096182398033,2023,2,7,0,1,38,28
2023-02-08,0.3185599428682202,2023,2,8,0,2,39,28
2023-02-09,0.063978042197264,2023,2,9,0,3,40,28
2023-02-10,-0.3780718709646625,2023,2,10,0,4,41,28
2023-02-11,0.1130773088189616,2023,2,11,0,5,42,28
2023-02-12,0.2312097635001956,2023,2,12,0,6,43,28
2023-02-13,-0.104844331665864,2023,2,13,0,0,44,28
2023-02-14,-0.2741651171228685,2023,2,14,0,1,45,28
2023-02-15,0.2051349737188317,2023,2,15,0,2,46,28
2023-02-16,0.4227341406916074,2023,2,16,0,3,47,28
2023-02-17,-0.7567762882719955,2023,2,17,0,4,48,28
2023-02-18,0.4389231255586122,2023,2,18,0,5,49,28
2023-02-19,-0.0185849834637502,2023,2,19,0,6,50,28
2023-02-20,-0.1605962525240591,2023,2,20,0,0,51,28
2023-02-21,0.1903501342726394,2023,2,21,0,1,52,28
2023-02-22,-0.1607331742862424,2023,2,22,0,2,53,28
2023-02-23,0.0724504589776463,2023,2,23,0,3,54,28
2023-02-24,0.0796493759665274,2023,2,24,0,4,55,28
2023-02-25,-0.162059467522742,2023,2,25,0,5,56,28
2023-02-26,0.0037598805474949,2023,2,26,0,6,57,28
2023-02-27,0.1660849074068195,2023,2,27,0,0,58,28
2023-02-28,-0.0357000028593096,2023,2,28,0,1,59,28
2023-03-01,-0.2290559761439181,2023,3,1,0,2,60,31
2023-03-02,0.3037222958209269,2023,3,2,0,3,61,31
2023-03-03,-0.1504128902379863,2023,3,3,0,4,62,31
2023-03-04,0.0080759327932099,2023,3,4,0,5,63,31
2023-03-05,-0.0330220621473385,2023,3,5,0,6,64,31
2023-03-06,0.0954561270723259,2023,3,6,0,0,65,31
2023-03-07,-0.1181391443336826,2023,3,7,0,1,66,31
2023-03-08,0.1726515896454234,2023,3,8,0,2,67,31
2023-03-09,-0.1495019930929925,2023,3,9,0,3,68,31
2023-03-10,-0.0298226219794874,2023,3,10,0,4,69,31
2023-03-11,0.2502234771529288,2023,3,11,0,5,70,31
2023-03-12,-0.4430389556642982,2023,3,12,0,6,71,31
2023-03-13,0.3480416660608508,2023,3,13,0,0,72,31
2023-03-14,-0.0097186378237457,2023,3,14,0,1,73,31
2023-03-15,0.0539604033815194,2023,3,15,0,2,74,31
2023-03-16,-0.2786348980445149,2023,3,16,0,3,75,31
2023-03-17,-0.0142758080781093,2023,3,17,0,4,76,31
2023-03-18,0.4553579080589738,2023,3,18,0,5,77,31
2023-03-19,-0.4452670391006246,2023,3,19,0,6,78,31
2023-03-20,0.3185238635883706,2023,3,20,0,0,79,31
2023-03-21,-0.4937922189900287,2023,3,21,0,1,80,31
2023-03-22,0.646000287969962,2023,3,22,0,2,81,31
2023-03-23,-0.5046239729820216,2023,3,23,0,3,82,31
2023-03-24,0.3308976855096996,2023,3,24,0,4,83,31
2023-03-25,-0.1729995789929861,2023,3,25,0,5,84,31
2023-03-26,-0.0478076452597788,2023,3,26,0,6,85,31
2023-03-27,0.2337173616182208,2023,3,27,0,0,86,31
2023-03-28,-0.3806229374586683,2023,3,28,0,1,87,31
2023-03-29,0.3192846920846814,2023,3,29,0,2,88,31
2023-03-30,0.0314390950147349,2023,3,30,0,3,89,31
2023-03-31,-0.354532349775874,2023,3,31,0,4,90,31
2023-04-01,0.4148425658161562,2023,4,1,0,5,91,30
2023-04-02,-0.1695477217994055,2023,4,2,0,6,92,30
2023-04-03,-0.1311110849035464,2023,4,3,0,0,93,30
2023-04-04,0.1479540237007268,2023,4,4,0,1,94,30
2023-04-05,-0.0401838153930161,2023,4,5,0,2,95,30
2023-04-06,0.084301840059164,2023,4,6,0,3,96,30
2023-04-07,-0.1417351110587589,2023,4,7,0,4,97,30
2023-04-08,0.0723635542934407,2023,4,8,0,5,98,30
2023-04-09,-0.0051910517077675,2023,4,9,0,6,99,30
2023-04-10,-0.0207986828483942,2023,4,10,0,0,100,30
2023-04-11,0.0549183551324857,2023,4,11,0,1,101,30
2023-04-12,-0.0136741833530979,2023,4,12,0,2,102,30
2023-04-13,-0.1170544113376909,2023,4,13,0,3,103,30
2023-04-14,0.1468954826335981,2023,4,14,0,4,104,30
2023-04-15,-0.0875092927082521,2023,4,15,0,5,105,30
2023-04-16,0.090529051876122,2023,4,16,0,6,106,30
2023-04-17,0.0059540787893074,2023,4,17,0,0,107,30
2023-04-18,-0.2571557623106492,2023,4,18,0,1,108,30
2023-04-19,0.3985305285613439,2023,4,19,0,2,109,30
2023-04-20,-0.2651854749948132,2023,4,20,0,3,110,30
2023-04-21,0.1030767622698183,2023,4,21,0,4,111,30
2023-04-22,-0.2241579493136944,2023,4,22,0,5,112,30
2023-04-23,0.3481394884126277,2023,4,23,0,6,113,30
2023-04-24,-0.1575640116495566,2023,4,24,0,0,114,30
2023-04-25,-0.1056267938893514,2023,4,25,0,1,115,30
2023-04-26,0.1390209637054005,2023,4,26,0,2,116,30
2023-04-27,-0.0615622334629333,2023,4,27,0,3,117,30
2023-04-28,0.0910706980957491,2023,4,28,0,4,118,30
2023-04-29,-0.1191100461750264,2023,4,29,0,5,119,30
2023-04-30,0.0753846012515489,2023,4,30,0,6,120,30
2023-05-01,-8.889594621764221e-05,2023,5,1,0,0,121,31
2023-05-02,-0.1115146674275209,2023,5,2,0,1,122,31
2023-05-03,0.11433063778265,2023,5,3,0,2,123,31
2023-05-04,0.0268341318417706,2023,5,4,0,3,124,31
2023-05-05,-0.1655404733190821,2023,5,5,0,4,125,31
2023-05-06,0.2497185083831479,2023,5,6,0,5,126,31
2023-05-07,-0.2351280771618961,2023,5,7,0,6,127,31
2023-05-08,0.161581806865445,2023,5,8,0,0,128,31
2023-05-09,-0.1139368269294876,2023,5,9,0,1,129,31
2023-05-10,0.0043973109886408,2023,5,10,0,2,130,31
2023-05-11,0.1670891167861301,2023,5,11,0,3,131,31
2023-05-12,-0.2682391337506224,2023,5,12,0,4,132,31
2023-05-13,0.2655824286011189,2023,5,13,0,5,133,31
2023-05-14,-0.2108299645843062,2023,5,14,0,6,134,31
2023-05-15,0.1672100993550531,2023,5,15,0,0,135,31
2023-05-16,-0.1133422152182096,2023,5,16,0,1,136,31
2023-05-17,-0.0136257663544601,2023,5,17,0,2,137,31
2023-05-18,0.1257834019489273,2023,5,18,0,3,138,31
2023-05-19,-0.0958515408283743,2023,5,19,0,4,139,31
2023-05-20,0.0087159469178265,2023,5,20,0,5,140,31
2023-05-21,0.055163369247398,2023,5,21,0,6,141,31
2023-05-22,-0.1396800324140331,2023,5,22,0,0,142,31
2023-05-23,0.1282932357202428,2023,5,23,0,1,143,31
2023-05-24,0.0278413084931961,2023,5,24,0,2,144,31
2023-05-25,-0.0676769299456178,2023,5,25,0,3,145,31
2023-05-26,-0.0444635538941676,2023,5,26,0,4,146,31
2023-05-27,0.0755753215190223,2023,5,27,0,5,147,31
2023-05-28,-0.1083505486825762,2023,5,28,0,6,148,31
2023-05-29,0.2110830195657037,2023,5,29,0,0,149,31
2023-05-30,-0.1793379055783447,2023,5,30,0,1,150,31
2023-05-31,0.0645044183938165,2023,5,31,0,2,151,31
2023-06-01,0.047393803635873,2023,6,1,0,3,152,30
2023-06-02,-0.2209175144035463,2023,6,2,0,4,153,30
2023-06-03,0.2621600471570161,2023,6,3,0,5,154,30
2023-06-04,-0.1502272732534861,2023,6,4,0,6,155,30
2023-06-05,0.2032786313307339,2023,6,5,0,0,156,30
2023-06-06,-0.3758337322762421,2023,6,6,0,1,157,30
2023-06-07,0.4611097506069794,2023,6,7,0,2,158,30
2023-06-08,-0.5067283599122264,2023,6,8,0,3,159,30
2023-06-09,0.5026038379156272,2023,6,9,0,4,160,30
2023-06-10,-0.2523638972640213,2023,6,10,0,5,161,30
2023-06-11,-0.1085309426245875,2023,6,11,0,6,162,30
2023-06-12,0.1124429629926588,2023,6,12,0,0,163,30
2023-06-13,0.0463401185640443,2023,6,13,0,1,164,30
2023-06-14,0.083689008131063,2023,6,14,0,2,165,30
2023-06-15,-0.2149111202331272,2023,6,15,0,3,166,30
2023-06-16,0.0850577479071263,2023,6,16,0,4,167,30
2023-06-17,0.0029967275734756,2023,6,17,0,5,168,30
2023-06-18,0.1109161620095567,2023,6,18,0,6,169,30
2023-06-19,-0.158342298636938,2023,6,19,0,0,170,30
2023-06-20,0.0380047602400893,2023,6,20,0,1,171,30
2023-06-21,-0.0410719044604876,2023,6,21,0,2,172,30
2023-06-22,0.1600588790141076,2023,6,22,0,3,173,30
2023-06-23,-0.1561956578046211,2023,6,23,0,4,174,30
2023-06-24,0.1481058998224863,2023,6,24,0,5,175,30
2023-06-25,-0.1985906871433212,2023,6,25,0,6,176,30
2023-06-26,0.2214770488558505,2023,6,26,0,0,177,30
2023-06-27,-0.2816952872129121,2023,6,27,0,1,178,30
2023-06-28,0.4394038373979691,2023,6,28,0,2,179,30
2023-06-29,-0.5076266097352498,2023,6,29,0,3,180,30
2023-06-30,0.2288404315084664,2023,6,30,0,4,181,30
2023-07-01,0.0827248012071465,2023,7,1,0,5,182,31
2023-07-02,-0.0423126003232515,2023,7,2,0,6,183,31
2023-07-03,-0.1181365034560011,2023,7,3,0,0,184,31
2023-07-04,0.1455807588997579,2023,7,4,0,1,185,31
2023-07-05,-0.0267840536015237,2023,7,5,0,2,186,31
2023-07-06,-0.0464616621102592,2023,7,6,0,3,187,31
2023-07-07,-0.0779717085197973,2023,7,7,0,4,188,31
2023-07-08,0.1014117789572515,2023,7,8,0,5,189,31
2023-07-09,0.1096898063607952,2023,7,9,0,6,190,31
2023-07-10,-0.2195506364835752,2023,7,10,0,0,191,31
2023-07-11,0.1121062912362072,2023,7,11,0,1,192,31
2023-07-12,0.0686360797482773,2023,7,12,0,2,193,31
2023-07-13,-0.3928475098690249,2023,7,13,0,3,194,31
2023-07-14,0.7539320268715493,2023,7,14,0,4,195,31
2023-07-15,-0.6866690205571537,2023,7,15,0,5,196,31
2023-07-16,0.3132483896880568,2023,7,16,0,6,197,31
2023-07-17,-0.0980242850981541,2023,7,17,0,0,198,31
2023-07-18,0.04435844258073,2023,7,18,0,1,199,31
2023-07-19,-0.1364973125704598,2023,7,19,0,2,200,31
2023-07-20,0.2776650155818437,2023,7,20,0,3,201,31
2023-07-21,-0.1878290151327208,2023,7,21,0,4,202,31
2023-07-22,0.013704548090649,2023,7,22,0,5,203,31
2023-07-23,-0.0668007384166726,2023,7,23,0,6,204,31
2023-07-24,0.2466508826398826,2023,7,24,0,0,205,31
2023-07-25,-0.2465509568805916,2023,7,25,0,1,206,31
2023-07-26,0.0515632575475762,2023,7,26,0,2,207,31
2023-07-27,0.0716388875699806,2023,7,27,0,3,208,31
2023-07-28,-0.0468028671074558,2023,7,28,0,4,209,31
2023-07-29,-0.0101958851170855,2023,7,29,0,5,210,31
2023-07-30,0.0133772962273289,2023,7,30,0,6,211,31
2023-07-31,0.0824320085360509,2023,7,31,0,0,212,31
2023-08-01,-0.2012107330516546,2023,8,1,0,1,213,31
2023-08-02,0.2425466262650274,2023,8,2,0,2,214,31
2023-08-03,-0.1432848844855347,2023,8,3,0,3,215,31
2023-08-04,-0.0421805785030959,2023,8,4,0,4,216,31
2023-08-05,0.0908050106180402,2023,8,5,0,5,217,31
2023-08-06,0.0025958538590548,2023,8,6,0,6,218,31
2023-08-07,-0.0197996528086374,2023,8,7,0,0,219,31
2023-08-08,-0.0743551505396988,2023,8,8,0,1,220,31
2023-08-09,0.0834451481138848,2023,8,9,0,2,221,31
2023-08-10,0.0470716195077077,2023,8,10,0,3,222,31
2023-08-11,-0.0925511273929639,2023,8,11,0,4,223,31
2023-08-12,0.0127411244335708,2023,8,12,0,5,224,31
2023-08-13,0.0260481008361618,2023,8,13,0,6,225,31
2023-08-14,-0.0556357069727559,2023,8,14,0,0,226,31
2023-08-15,0.1054282589446268,2023,8,15,0,1,227,31
2023-08-16,-0.080892442210684,2023,8,16,0,2,228,31
2023-08-17,0.1659605581321042,2023,8,17,0,3,229,31
2023-08-18,-0.392344499002656,2023,8,18,0,4,230,31
2023-08-19,0.3115831460251371,2023,8,19,0,5,231,31
2023-08-20,-0.0335371119690596,2023,8,20,0,6,232,31
2023-08-21,0.0454405481374812,2023,8,21,0,0,233,31
2023-08-22,-0.1076991877301282,2023,8,22,0,1,234,31
2023-08-23,-0.0989765634832592,2023,8,23,0,2,235,31
2023-08-24,0.2498704704098848,2023,8,24,0,3,236,31
2023-08-25,-0.098449301958355,2023,8,25,0,4,237,31
2023-08-26,-0.0651335698343011,2023,8,26,0,5,238,31
2023-08-27,0.038249269413743,2023,8,27,0,6,239,31
2023-08-28,-0.0076811319426994,2023,8,28,0,0,240,31
2023-08-29,-0.0166561432634801,2023,8,29,0,1,241,31
2023-08-30,0.1255266417500015,2023,8,30,0,2,242,31
2023-08-31,-0.0753468700043455,2023,8,31,0,3,243,31
2023-09-01,-0.1113365992529594,2023,9,1,0,4,244,30
2023-09-02,0.0982483169162091,2023,9,2,0,5,245,30
2023-09-03,0.0223117762349467,2023,9,3,0,6,246,30
2023-09-04,-0.0330120062140681,2023,9,4,0,0,247,30
2023-09-05,-0.0117924227546213,2023,9,5,0,1,248,30
2023-09-06,0.0297072537549409,2023,9,6,0,2,249,30
2023-09-07,-0.025003900982552,2023,9,7,0,3,250,30
2023-09-08,0.0391617702363777,2023,9,8,0,4,251,30
2023-09-09,-0.0665029636644582,2023,9,9,0,5,252,30
2023-09-10,0.0707225486994767,2023,9,10,0,6,253,30
2023-09-11,0.0101298996172058,2023,9,11,0,0,254,30
2023-09-12,-0.1356036335143383,2023,9,12,0,1,255,30
2023-09-13,0.1124863501364355,2023,9,13,0,2,256,30
2023-09-14,-0.0095329616176515,2023,9,14,0,3,257,30
2023-09-15,0.012008422862367,2023,9,15,0,4,258,30
2023-09-16,-0.0336951477510781,2023,9,16,0,5,259,30
2023-09-17,0.0502732770636236,2023,9,17,0,6,260,30
2023-09-18,-0.115992896499362,2023,9,18,0,0,261,30
2023-09-19,0.0831679811823241,2023,9,19,0,1,262,30
2023-09-20,0.0476681808980802,2023,9,20,0,2,263,30
2023-09-21,-0.022718913897895,2023,9,21,0,3,264,30
2023-09-22,-0.1035131590538434,2023,9,22,0,4,265,30
2023-09-23,0.072940233625284,2023,9,23,0,5,266,30
2023-09-24,0.0605752221757888,2023,9,24,0,6,267,30
2023-09-25,-0.1327962167997741,2023,9,25,0,0,268,30
2023-09-26,0.1172438941010442,2023,9,26,0,1,269,30
2023-09-27,-0.0332327110907412,2023,9,27,0,2,270,30
2023-09-28,-0.06282653891754,2023,9,28,0,3,271,30
2023-09-29,0.1127195014255606,2023,9,29,0,4,272,30
2023-09-30,-0.1012287139624286,2023,9,30,0,5,273,30
2023-10-01,-0.0428502384467481,2023,10,1,0,6,274,31
2023-10-02,0.2590510690087827,2023,10,2,0,0,275,31
2023-10-03,-0.2829302829103839,2023,10,3,0,1,276,31
2023-10-04,0.146307153436539,2023,10,4,0,2,277,31
2023-10-05,-0.0693029854217223,2023,10,5,0,3,278,31
2023-10-06,-0.010641833915946,2023,10,6,0,4,279,31
2023-10-07,0.1322356079118384,2023,10,7,0,5,280,31
2023-10-08,-0.1422488265690689,2023,10,8,0,6,281,31
2023-10-09,0.0743098972340564,2023,10,9,0,0,282,31
2023-10-10,-0.0448422841714035,2023,10,10,0,1,283,31
2023-10-11,0.012599014131823,2023,10,11,0,2,284,31
2023-10-12,0.0309571279926365,2023,10,12,0,3,285,31
2023-10-13,-0.0366189002158043,2023,10,13,0,4,286,31
2023-10-14,0.0084718615847802,2023,10,14,0,5,287,31
2023-10-15,0.0161706932088037,2023,10,15,0,6,288,31
2023-10-16,-0.0609782215651032,2023,10,16,0,0,289,31
2023-10-17,0.1411855508054359,2023,10,17,0,1,290,31
2023-10-18,-0.1030412897831304,2023,10,18,0,2,291,31
2023-10-19,-0.0472974963736115,2023,10,19,0,3,292,31
2023-10-20,0.0821611081060787,2023,10,20,0,4,293,31
2023-10-21,-0.0277138341031192,2023,10,21,0,5,294,31
2023-10-22,0.034418028507884,2023,10,22,0,6,295,31
2023-10-23,-0.1503639650308961,2023,10,23,0,0,296,31
2023-10-24,0.2853527207915922,2023,10,24,0,1,297,31
2023-10-25,-0.209736932674838,2023,10,25,0,2,298,31
2023-10-26,-0.0119429265729069,2023,10,26,0,3,299,31
2023-10-27,0.102473352917964,2023,10,27,0,4,300,31
2023-10-28,-0.0369191286037117,2023,10,28,0,5,301,31
2023-10-29,-0.0459097428626896,2023,10,29,0,6,302,31
2023-10-30,0.0108401875652833,2023,10,30,0,0,303,31
2023-10-31,0.2033615905873202,2023,10,31,0,1,304,31
2023-11-01,-0.3746496445313103,2023,11,1,0,2,305,30
2023-11-02,0.1961602637873904,2023,11,2,0,3,306,30
2023-11-03,0.0899250183669831,2023,11,3,0,4,307,30
2023-11-04,-0.027932510066321,2023,11,4,0,5,308,30
2023-11-05,-0.1926215722016399,2023,11,5,0,6,309,30
2023-11-06,0.0821118232493796,2023,11,6,0,0,310,30
2023-11-07,0.2824061552785682,2023,11,7,0,1,311,30
2023-11-08,-0.3672815024578185,2023,11,8,0,2,312,30
2023-11-09,0.1115029611503876,2023,11,9,0,3,313,30
2023-11-10,-0.017739896497757,2023,11,10,0,4,314,30
2023-11-11,0.1307173514790395,2023,11,11,0,5,315,30
2023-11-12,-0.1390606127965844,2023,11,12,0,6,316,30
2023-11-13,0.2322507403803011,2023,11,13,0,0,317,30
2023-11-14,-0.3611882028588199,2023,11,14,0,1,318,30
2023-11-15,0.0550338590174608,2023,11,15,0,2,319,30
2023-11-16,0.3521384502382202,2023,11,16,0,3,320,30
2023-11-17,-0.2651211713620602,2023,11,17,0,4,321,30
2023-11-18,-0.0656648192795359,2023,11,18,0,5,322,30
2023-11-19,0.1121745285470993,2023,11,19,0,6,323,30
2023-11-20,0.0541243534831028,2023,11,20,0,0,324,30
2023-11-21,0.0889048328995463,2023,11,21,0,1,325,30
2023-11-22,-0.4820922389664685,2023,11,22,0,2,326,30
2023-11-23,0.4787703814182664,2023,11,23,0,3,327,30
2023-11-24,-0.0964033725792567,2023,11,24,0,4,328,30
2023-11-25,-0.1524020006244731,2023,11,25,0,5,329,30
2023-11-26,0.1892955218153815,2023,11,26,0,6,330,30
2023-11-27,-0.0728850077542676,2023,11,27,0,0,331,30
2023-11-28,-0.1450285256429848,2023,11,28,0,1,332,30
2023-11-29,0.2257911620865956,2023,11,29,0,2,333,30
2023-11-30,-0.0684871444442476,2023,11,30,0,3,334,30
2023-12-01,-0.1199834066554661,2023,12,1,0,4,335,31
2023-12-02,0.0767824258413912,2023,12,2,0,5,336,31
2023-12-03,0.1389387594885847,2023,12,3,0,6,337,31
2023-12-04,-0.2094953078711103,2023,12,4,0,0,338,31
2023-12-05,0.0568995792928989,2023,12,5,0,1,339,31
2023-12-06,0.0737476690838768,2023,12,6,0,2,340,31
2023-12-07,0.0082144509846604,2023,12,7,0,3,341,31
2023-12-08,-0.2230279369154025,2023,12,8,0,4,342,31
2023-12-09,0.2177894930790516,2023,12,9,0,5,343,31
2023-12-10,-0.0126022864504416,2023,12,10,0,6,344,31
2023-12-11,0.2249340438268287,2023,12,11,0,0,345,31
2023-12-12,-0.593732812582841,2023,12,12,0,1,346,31
2023-12-13,0.1990366703446627,2023,12,13,0,2,347,31
2023-12-14,0.4585503374265809,2023,12,14,0,3,348,31
2023-12-15,-0.300259033543608,2023,12,15,0,4,349,31
2023-12-16,-0.2544999484736387,2023,12,16,0,5,350,31
2023-12-17,0.4097732471777286,2023,12,17,0,6,351,31
2023-12-18,-0.3811841251478031,2023,12,18,0,0,352,31
2023-12-19,0.4491380544350119,2023,12,19,0,1,353,31
2023-12-20,-0.3993725224209993,2023,12,20,0,2,354,31
2023-12-21,0.0091711435604277,2023,12,21,0,3,355,31
2023-12-22,0.3739124650516424,2023,12,22,0,4,356,31
2023-12-23,-0.2688649089301207,2023,12,23,0,5,357,31
2023-12-24,0.0777216887570047,2023,12,24,0,6,358,31
2023-12-25,-0.2506560630868943,2023,12,25,0,0,359,31
2023-12-26,0.4293975648123756,2023,12,26,0,1,360,31
2023-12-27,-0.4046878211213871,2023,12,27,0,2,361,31
2023-12-28,0.3417662495956041,2023,12,28,0,3,362,31
2023-12-29,-0.210070536464592,2023,12,29,0,4,363,31
2023-12-30,0.0599403639352757,2023,12,30,0,5,364,31
2023-12-31,0.0117772246036654,2023,12,31,0,6,365,31
2024-01-01,-0.2000152606468741,2024,1,1,0,0,1,31
2024-01-02,0.3682605131299623,2024,1,2,0,1,2,31
2024-01-03,-0.0715040079858489,2024,1,3,0,2,3,31
2024-01-04,-0.4197519178979526,2024,1,4,0,3,4,31
2024-01-05,0.5014357273920346,2024,1,5,0,4,5,31
2024-01-06,-0.2082260235858074,2024,1,6,0,5,6,31
2024-01-07,0.0833885293183539,2024,1,7,0,6,7,31
2024-01-08,-0.4046027958405086,2024,1,8,0,0,8,31
2024-01-09,0.7707463142087636,2024,1,9,0,1,9,31
2024-01-10,-0.8404494923189777,2024,1,10,0,2,10,31
2024-01-11,0.54127818910641,2024,1,11,0,3,11,31
2024-01-12,0.0617561680267881,2024,1,12,0,4,12,31
2024-01-13,-0.4155345194536476,2024,1,13,0,5,13,31
2024-01-14,0.3526405838158462,2024,1,14,0,6,14,31
2024-01-15,-0.2455895861371671,2024,1,15,0,0,15,31
2024-01-16,0.0741983242896885,2024,1,16,0,1,16,31
2024-01-17,0.1053224764425063,2024,1,17,0,2,17,31
2024-01-18,0.0214516255052333,2024,1,18,0,3,18,31
2024-01-19,-0.2308070601819443,2024,1,19,0,4,19,31
2024-01-20,0.0845661312155282,2024,1,20,0,5,20,31
2024-01-21,0.1729123529222038,2024,1,21,0,6,21,31
2024-01-22,-0.0660876980908952,2024,1,22,0,0,22,31
2024-01-23,-0.1817874540019002,2024,1,23,0,1,23,31
2024-01-24,0.1546418138242878,2024,1,24,0,2,24,31
2024-01-25,0.0524612607854885,2024,1,25,0,3,25,31
2024-01-26,-0.2265149948343233,2024,1,26,0,4,26,31
2024-01-27,0.2709893927235237,2024,1,27,0,5,27,31
2024-01-28,-0.1292724067787306,2024,1,28,0,6,28,31
2024-01-29,-0.1837387876927507,2024,1,29,0,0,29,31
2024-01-30,0.4226251986821258,2024,1,30,0,1,30,31
2024-01-31,-0.228003402065694,2024,1,31,0,2,31,31
2024-02-01,-0.1502577266289576,2024,2,1,0,3,32,29
2024-02-02,0.1669079028107455,2024,2,2,0,4,33,29
2024-02-03,0.015002032927787,2024,2,3,0,5,34,29
2024-02-04,0.0409090268512603,2024,2,4,0,6,35,29
2024-02-05,-0.1777326606299634,2024,2,5,0,0,36,29
2024-02-06,0.1181435692384012,2024,2,6,0,1,37,29
2024-02-07,0.0167075989658548,2024,2,7,0,2,38,29
2024-02-08,-0.145627967892712,2024,2,8,0,3,39,29
2024-02-09,0.1963525923676075,2024,2,9,0,4,40,29
2024-02-10,-0.1028270582715747,2024,2,10,0,5,41,29
2024-02-11,0.0931835204211383,2024,2,11,0,6,42,29
2024-02-12,-0.2087965126871384,2024,2,12,0,0,43,29
2024-02-13,0.3164302027337489,2024,2,13,0,1,44,29
2024-02-14,-0.3881675149448585,2024,2,14,0,2,45,29
2024-02-15,0.2105061469244019,2024,2,15,0,3,46,29
2024-02-16,0.175118703232525,2024,2,16,0,4,47,29
2024-02-17,-0.2951562216621502,2024,2,17,0,5,48,29
2024-02-18,0.1093154037738626,2024,2,18,0,6,49,29
2024-02-19,-0.0193111723933347,2024,2,19,0,0,50,29
2024-02-20,0.0785693833529346,2024,2,20,0,1,51,29
2024-02-21,-0.016603386074275,2024,2,21,0,2,52,29
2024-02-22,-0.0727865905222612,2024,2,22,0,3,53,29
2024-02-23,0.0149133734832226,2024,2,23,0,4,54,29
2024-02-24,-0.027432482210642,2024,2,24,0,5,55,29
2024-02-25,0.1596402285969403,2024,2,25,0,6,56,29
2024-02-26,-0.2542889474535527,2024,2,26,0,0,57,29
2024-02-27,0.2495587856488375,2024,2,27,0,1,58,29
2024-02-28,-0.0762862493609595,2024,2,28,0,2,59,29
2024-02-29,-0.0928684074462399,2024,2,29,0,3,60,29
2024-03-01,-0.076744778589626,2024,3,1,0,4,61,31
2024-03-02,0.2979343954966976,2024,3,2,0,5,62,31
2024-03-03,-0.0922367484500148,2024,3,3,0,6,63,31
2024-03-04,-0.3124212968832857,2024,3,4,0,0,64,31
2024-03-05,0.6671616634470864,2024,3,5,0,1,65,31
2024-03-06,-0.851835609544294,2024,3,6,0,2,66,31
2024-03-07,0.5691450001443841,2024,3,7,0,3,67,31
2024-03-08,-0.0326005286589327,2024,3,8,0,4,68,31
2024-03-09,-0.2503297426409113,2024,3,9,0,5,69,31
2024-03-10,0.3156757359358014,2024,3,10,0,6,70,31
2024-03-11,-0.466012544422687,2024,3,11,0,0,71,31
2024-03-12,0.5908414606671053,2024,3,12,0,1,72,31
2024-03-13,-0.4717889249947407,2024,3,13,0,2,73,31
2024-03-14,0.2158128169460662,2024,3,14,0,3,74,31
2024-03-15,-0.019545794078017,2024,3,15,0,4,75,31
2024-03-16,0.1485030890695581,2024,3,16,0,5,76,31
2024-03-17,-0.5342285318990218,2024,3,17,0,6,77,31
2024-03-18,0.5665232234262729,2024,3,18,0,0,78,31
2024-03-19,0.0212961013738959,2024,3,19,0,1,79,31
2024-03-20,-0.7185568227570944,2024,3,20,0,2,80,31
2024-03-21,0.7862812645271402,2024,3,21,0,3,81,31
2024-03-22,-0.2317693227359561,2024,3,22,0,4,82,31
2024-03-23,-0.1720911419339376,2024,3,23,0,5,83,31
2024-03-24,0.0739994710432298,2024,3,24,0,6,84,31
2024-03-25,0.0945734772933655,2024,3,25,0,0,85,31
2024-03-26,-0.0725063539731762,2024,3,26,0,1,86,31
2024-03-27,0.1067061904138689,2024,3,27,0,2,87,31
2024-03-28,-0.1829719567568647,2024,3,28,0,3,88,31
2024-03-29,0.0516918112951171,2024,3,29,0,4,89,31
2024-03-30,0.168545137809541,2024,3,30,0,5,90,31
2024-03-31,-0.2784198466690614,2024,3,31,0,6,91,31
2024-04-01,0.2685126501326191,2024,4,1,0,0,92,30
2024-04-02,-0.05343964327715,2024,4,2,0,1,93,30
2024-04-03,-0.172003244251951,2024,4,3,0,2,94,30
2024-04-04,0.0320994436655459,2024,4,4,0,3,95,30
2024-04-05,0.2127555818190507,2024,4,5,0,4,96,30
2024-04-06,-0.2041583451012293,2024,4,6,0,5,97,30
2024-04-07,0.0829198987776635,2024,4,7,0,6,98,30
2024-04-08,-0.110613217880306,2024,4,8,0,0,99,30
2024-04-09,0.2830943630043576,2024,4,9,0,1,100,30
2024-04-10,-0.3109326109388411,2024,4,10,0,2,101,30
2024-04-11,0.036582899201503,2024,4,11,0,3,102,30
2024-04-12,0.3415802848992755,2024,4,12,0,4,103,30
2024-04-13,-0.2413629943936216,2024,4,13,0,5,104,30
2024-04-14,-0.3729291587788023,2024,4,14,0,6,105,30
2024-04-15,0.5717902325794045,2024,4,15,0,0,106,30
2024-04-16,-0.2163105317703481,2024,4,16,0,1,107,30
2024-04-17,0.0747827160203167,2024,4,17,0,2,108,30
2024-04-18,-0.1932171186921284,2024,4,18,0,3,109,30
2024-04-19,0.1772078574430649,2024,4,19,0,4,110,30
2024-04-20,-0.1977209130584835,2024,4,20,0,5,111,30
2024-04-21,0.3702834079822126,2024,4,21,0,6,112,30
2024-04-22,-0.4156637091591618,2024,4,22,0,0,113,30
2024-04-23,0.319072917343342,2024,4,23,0,1,114,30
2024-04-24,-0.0960625349375075,2024,4,24,0,2,115,30
2024-04-25,-0.1491287088272103,2024,4,25,0,3,116,30
2024-04-26,0.1571735446408422,2024,4,26,0,4,117,30
2024-04-27,-0.0960333653512075,2024,4,27,0,5,118,30
2024-04-28,0.1106155546309757,2024,4,28,0,6,119,30
2024-04-29,-0.0828866152948747,2024,4,29,0,0,120,30
2024-04-30,0.1111544630190373,2024,4,30,0,1,121,30
2024-05-01,-0.2088222181340693,2024,5,1,0,2,122,31
2024-05-02,0.1474541797730779,2024,5,2,0,3,123,31
2024-05-03,-0.0356891508356699,2024,5,3,0,4,124,31
2024-05-04,0.0669124679271745,2024,5,4,0,5,125,31
2024-05-05,-0.0726222931228268,2024,5,5,0,6,126,31
2024-05-06,0.0033545298322924,2024,5,6,0,0,127,31
2024-05-07,0.0856867798619178,2024,5,7,0,1,128,31
2024-05-08,-0.2011175557066875,2024,5,8,0,2,129,31
2024-05-09,0.1170390599183431,2024,5,9,0,3,130,31
2024-05-10,0.1585397730281275,2024,5,10,0,4,131,31
2024-05-11,-0.2005924529333229,2024,5,11,0,5,132,31
2024-05-12,0.005686213380417,2024,5,12,0,6,133,31
2024-05-13,0.0739997888159306,2024,5,13,0,0,134,31
2024-05-14,0.0473591138361508,2024,5,14,0,1,135,31
2024-05-15,-0.2392978787045573,2024,5,15,0,2,136,31
2024-05-16,0.2854555591237766,2024,5,16,0,3,137,31
2024-05-17,-0.223517586710906,2024,5,17,0,4,138,31
2024-05-18,0.2196324456060509,2024,5,18,0,5,139,31
2024-05-19,-0.0405750231847487,2024,5,19,0,6,140,31
2024-05-20,-0.3658555997220525,2024,5,20,0,0,141,31
2024-05-21,0.5031155706400336,2024,5,21,0,1,142,31
2024-05-22,-0.2213506426915555,2024,5,22,0,2,143,31
2024-05-23,0.0267142936459109,2024,5,23,0,3,144,31
2024-05-24,-0.0733902313270603,2024,5,24,0,4,145,31
2024-05-25,0.0363141787443729,2024,5,25,0,5,146,31
2024-05-26,0.0701791938557647,2024,5,26,0,6,147,31
2024-05-27,-0.1402834022977136,2024,5,27,0,0,148,31
2024-05-28,0.1981895266604309,2024,5,28,0,1,149,31
2024-05-29,-0.1391334159811936,2024,5,29,0,2,150,31
2024-05-30,0.0237286551678586,2024,5,30,0,3,151,31
2024-05-31,-0.0116376258727063,2024,5,31,0,4,152,31
2024-06-01,0.0174921932354361,2024,6,1,0,5,153,30
2024-06-02,0.0500867948726104,2024,6,2,0,6,154,30
2024-06-03,-0.1296166463063247,2024,6,3,0,0,155,30
2024-06-04,0.1159351056124245,2024,6,4,0,1,156,30
2024-06-05,-0.0250209721024669,2024,6,5,0,2,157,30
2024-06-06,-0.0204885514314463,2024,6,6,0,3,158,30
2024-06-07,0.036832942278801,2024,6,7,0,4,159,30
2024-06-08,-0.0012064959702901,2024,6,8,0,5,160,30
2024-06-09,-0.1483202613435097,2024,6,9,0,6,161,30
2024-06-10,0.1994119133614024,2024,6,10,0,0,162,30
2024-06-11,0.015284676842547,2024,6,11,0,1,163,30
2024-06-12,-0.3187156510721491,2024,6,12,0,2,164,30
2024-06-13,0.4314686426035886,2024,6,13,0,3,165,30
2024-06-14,-0.2440941145747491,2024,6,14,0,4,166,30
2024-06-15,-0.0377747031799991,2024,6,15,0,5,167,30
2024-06-16,0.0649425646733509,2024,6,16,0,6,168,30
2024-06-17,0.1176164949910037,2024,6,17,0,0,169,30
2024-06-18,-0.0910791305291472,2024,6,18,0,1,170,30
2024-06-19,-0.1310774895623732,2024,6,19,0,2,171,30
2024-06-20,0.1476954113370197,2024,6,20,0,3,172,30
2024-06-21,0.0423499436732226,2024,6,21,0,4,173,30
2024-06-22,-0.1942940485161137,2024,6,22,0,5,174,30
2024-06-23,0.2260888800523535,2024,6,23,0,6,175,30
2024-06-24,-0.1147049692261567,2024,6,24,0,0,176,30
2024-06-25,-0.103725909324838,2024,6,25,0,1,177,30
2024-06-26,0.257931787395562,2024,6,26,0,2,178,30
2024-06-27,-0.2468836320274187,2024,6,27,0,3,179,30
2024-06-28,0.1789590073538373,2024,6,28,0,4,180,30
2024-06-29,-0.0859737649971351,2024,6,29,0,5,181,30
2024-06-30,-0.0371263839144984,2024,6,30,0,6,182,30
2024-07-01,0.0402059060441279,2024,7,1,0,0,183,31
2024-07-02,-0.066054465338982,2024,7,2,0,1,184,31
2024-07-03,0.1789299673141405,2024,7,3,0,2,185,31
2024-07-04,0.068081812162714,2024,7,4,0,3,186,31
2024-07-05,-0.3530970176643865,2024,7,5,0,4,187,31
2024-07-06,-0.015746459670685,2024,7,6,0,5,188,31
2024-07-07,0.5807185617738706,2024,7,7,0,6,189,31
2024-07-08,-0.71054989510273,2024,7,8,0,0,190,31
2024-07-09,0.4613572167624442,2024,7,9,0,1,191,31
2024-07-10,-0.1585393177004207,2024,7,10,0,2,192,31
2024-07-11,0.0696611062494257,2024,7,11,0,3,193,31
2024-07-12,-0.1352194890338558,2024,7,12,0,4,194,31
2024-07-13,0.051823782866031,2024,7,13,0,5,195,31
2024-07-14,0.2245783083399617,2024,7,14,0,6,196,31
2024-07-15,-0.3664555607668723,2024,7,15,0,0,197,31
2024-07-16,0.2704333250699065,2024,7,16,0,1,198,31
2024-07-17,-0.1206407599315632,2024,7,17,0,2,199,31
2024-07-18,0.0937580705779338,2024,7,18,0,3,200,31
2024-07-19,-0.2217970369650925,2024,7,19,0,4,201,31
2024-07-20,0.2597761131244736,2024,7,20,0,5,202,31
2024-07-21,-0.2003591254947314,2024,7,21,0,6,203,31
2024-07-22,0.2464102039837832,2024,7,22,0,0,204,31
2024-07-23,-0.1911171239751447,2024,7,23,0,1,205,31
2024-07-24,-0.0192691848233564,2024,7,24,0,2,206,31
2024-07-25,0.1549345384113553,2024,7,25,0,3,207,31
2024-07-26,-0.302608380734346,2024,7,26,0,4,208,31
2024-07-27,0.3463155474497054,2024,7,27,0,5,209,31
2024-07-28,-0.0861658839305663,2024,7,28,0,6,210,31
2024-07-29,-0.1205846195927815,2024,7,29,0,0,211,31
2024-07-30,0.051426155460614,2024,7,30,0,1,212,31
2024-07-31,0.082232089753233,2024,7,31,0,2,213,31
2024-08-01,-0.1995996896738028,2024,8,1,0,3,214,31
2024-08-02,0.351485895218102,2024,8,2,0,4,215,31
2024-08-03,-0.4634230189717376,2024,8,3,0,5,216,31
2024-08-04,0.4078608312892117,2024,8,4,0,6,217,31
2024-08-05,-0.0221004052105905,2024,8,5,0,0,218,31
2024-08-06,-0.5076245719873955,2024,8,6,0,1,219,31
2024-08-07,0.6457933946006302,2024,8,7,0,2,220,31
2024-08-08,-0.5337110740192458,2024,8,8,0,3,221,31
2024-08-09,0.4554742047594398,2024,8,9,0,4,222,31
2024-08-10,-0.2309872062256052,2024,8,10,0,5,223,31
2024-08-11,0.1376967309975818,2024,8,11,0,6,224,31
2024-08-12,-0.3303352127795168,2024,8,12,0,0,225,31
2024-08-13,0.308029468550556,2024,8,13,0,1,226,31
2024-08-14,-0.0396521335657029,2024,8,14,0,2,227,31
2024-08-15,-0.000812575837885,2024,8,15,0,3,228,31
2024-08-16,-0.1588385672820686,2024,8,16,0,4,229,31
2024-08-17,0.114678816069464,2024,8,17,0,5,230,31
2024-08-18,0.0920851277319122,2024,8,18,0,6,231,31
2024-08-19,-0.1178892722057285,2024,8,19,0,0,232,31
2024-08-20,0.0195123717595115,2024,8,20,0,1,233,31
2024-08-21,-0.1074030232995347,2024,8,21,0,2,234,31
2024-08-22,0.2513895208031467,2024,8,22,0,3,235,31
2024-08-23,-0.2208385912825881,2024,8,23,0,4,236,31
2024-08-24,0.1148682650812588,2024,8,24,0,5,237,31
2024-08-25,-0.0093654807477929,2024,8,25,0,6,238,31
2024-08-26,0.0204371253775651,2024,8,26,0,0,239,31
2024-08-27,-0.0463405199335301,2024,8,27,0,1,240,31
2024-08-28,-0.088740735992508,2024,8,28,0,2,241,31
2024-08-29,0.0548605508158504,2024,8,29,0,3,242,31
2024-08-30,0.1704402007308803,2024,8,30,0,4,243,31
2024-08-31,-0.2133625692985318,2024,8,31,0,5,244,31
2024-09-01,0.1618075715578351,2024,9,1,0,6,245,30
2024-09-02,-0.2270042083032773,2024,9,2,0,0,246,30
2024-09-03,0.3440854579192035,2024,9,3,0,1,247,30
2024-09-04,-0.3737997361476863,2024,9,4,0,2,248,30
2024-09-05,0.2084731699950204,2024,9,5,0,3,249,30
2024-09-06,0.1009802485625414,2024,9,6,0,4,250,30
2024-09-07,-0.2898134703238009,2024,9,7,0,5,251,30
2024-09-08,0.1459294152017705,2024,9,8,0,6,252,30
2024-09-09,0.0898803613856675,2024,9,9,0,0,253,30
2024-09-10,-0.0552773765110243,2024,9,10,0,1,254,30
2024-09-11,-0.1131038359748086,2024,9,11,0,2,255,30
2024-09-12,0.1329494307292839,2024,9,12,0,3,256,30
2024-09-13,-0.0810295212130746,2024,9,13,0,4,257,30
2024-09-14,0.0796982479375502,2024,9,14,0,5,258,30
2024-09-15,0.0110084765596046,2024,9,15,0,6,259,30
2024-09-16,-0.0904211176531216,2024,9,16,0,0,260,30
2024-09-17,-0.0176562654902222,2024,9,17,0,1,261,30
2024-09-18,0.0321182693897496,2024,9,18,0,2,262,30
2024-09-19,0.0593314866049384,2024,9,19,0,3,263,30
2024-09-20,-0.0095749162145912,2024,9,20,0,4,264,30
2024-09-21,-0.0757537555532995,2024,9,21,0,5,265,30
2024-09-22,0.1639075783358684,2024,9,22,0,6,266,30
2024-09-23,-0.2425779686321833,2024,9,23,0,0,267,30
2024-09-24,0.0591367282586487,2024,9,24,0,1,268,30
2024-09-25,0.2890238476794626,2024,9,25,0,2,269,30
2024-09-26,-0.4340225646043855,2024,9,26,0,3,270,30
2024-09-27,0.3257747119890569,2024,9,27,0,4,271,30
2024-09-28,-0.1386387522471919,2024,9,28,0,5,272,30
2024-09-29,-0.018339346809019,2024,9,29,0,6,273,30
2024-09-30,0.1574897275492721,2024,9,30,0,0,274,30
2024-10-01,-0.1276651724830883,2024,10,1,0,1,275,31
2024-10-02,-0.0419365495722775,2024,10,2,0,2,276,31
2024-10-03,0.018859470898801,2024,10,3,0,3,277,31
2024-10-04,0.0369807652133927,2024,10,4,0,4,278,31
2024-10-05,0.0576323530470245,2024,10,5,0,5,279,31
2024-10-06,-0.1297541861795229,2024,10,6,0,6,280,31
2024-10-07,0.1477862090860137,2024,10,7,0,0,281,31
2024-10-08,-0.0849215585892088,2024,10,8,0,1,282,31
2024-10-09,0.0113569234541029,2024,10,9,0,2,283,31
2024-10-10,-0.0175802968300523,2024,10,10,0,3,284,31
2024-10-11,-0.0668611880800122,2024,10,11,0,4,285,31
2024-10-12,0.1749770085778805,2024,10,12,0,5,286,31
2024-10-13,-0.0506807528620172,2024,10,13,0,6,287,31
2024-10-14,-0.2122697065562858,2024,10,14,0,0,288,31
2024-10-15,0.3073174113185779,2024,10,15,0,1,289,31
2024-10-16,-0.1353290733071425,2024,10,16,0,2,290,31
2024-10-17,0.0106859152618495,2024,10,17,0,3,291,31
2024-10-18,-0.1102503079391162,2024,10,18,0,4,292,31
2024-10-19,0.1711414749037138,2024,10,19,0,5,293,31
2024-10-20,-0.1658035882345352,2024,10,20,0,6,294,31
2024-10-21,0.1995751316432842,2024,10,21,0,0,295,31
2024-10-22,-0.1901860555885057,2024,10,22,0,1,296,31
2024-10-23,0.1828328678238312,2024,10,23,0,2,297,31
2024-10-24,-0.1945576105481148,2024,10,24,0,3,298,31
2024-10-25,0.2491036045732735,2024,10,25,0,4,299,31
2024-10-26,-0.343366552364481,2024,10,26,0,5,300,31
2024-10-27,0.2374590492956938,2024,10,27,0,6,301,31
2024-10-28,-0.0080361197905018,2024,10,28,0,0,302,31
2024-10-29,-0.1295424844075173,2024,10,29,0,1,303,31
2024-10-30,0.1798639893097859,2024,10,30,0,2,304,31
2024-10-31,-0.0113143237161898,2024,10,31,0,3,305,31
2024-11-01,-0.3236827824642524,2024,11,1,0,4,306,30
2024-11-02,0.4182125986443092,2024,11,2,0,5,307,30
2024-11-03,-0.1389725333819061,2024,11,3,0,6,308,30
2024-11-04,-0.0527262704541807,2024,11,4,0,0,309,30
2024-11-05,-0.0211200509789877,2024,11,5,0,1,310,30
2024-11-06,-0.0415673420376843,2024,11,6,0,2,311,30
2024-11-07,0.1145094808291715,2024,11,7,0,3,312,30
2024-11-08,0.0022808136461449,2024,11,8,0,4,313,30
2024-11-09,-0.0625543555919758,2024,11,9,0,5,314,30
2024-11-10,-0.0437340545296826,2024,11,10,0,6,315,30
2024-11-11,0.1341834696265713,2024,11,11,0,0,316,30
2024-11-12,0.1605550800549644,2024,11,12,0,1,317,30
2024-11-13,-0.4528429135400305,2024,11,13,0,2,318,30
2024-11-14,0.3122529843253427,2024,11,14,0,3,319,30
2024-11-15,-0.3046600498505975,2024,11,15,0,4,320,30
2024-11-16,0.330010556839945,2024,11,16,0,5,321,30
2024-11-17,0.1352005845487133,2024,11,17,0,6,322,30
2024-11-18,-0.5070250213962982,2024,11,18,0,0,323,30
2024-11-19,0.3827745074565455,2024,11,19,0,1,324,30
2024-11-20,-0.2618540369220157,2024,11,20,0,2,325,30
2024-11-21,0.3066130703223516,2024,11,21,0,3,326,30
2024-11-22,-0.3652968030643464,2024,11,22,0,4,327,30
2024-11-23,0.248348723000409,2024,11,23,0,5,328,30
2024-11-24,0.1168112922853729,2024,11,24,0,6,329,30
2024-11-25,-0.0883038866789173,2024,11,25,0,0,330,30
2024-11-26,-0.3069357214673404,2024,11,26,0,1,331,30
2024-11-27,0.2001020877494727,2024,11,27,0,2,332,30
2024-11-28,0.1454578048148053,2024,11,28,0,3,333,30
2024-11-29,-0.1710485456497747,2024,11,29,0,4,334,30
2024-11-30,0.1635068876183756,2024,11,30,0,5,335,30
2024-12-01,-0.2704050391478963,2024,12,1,0,6,336,31
2024-12-02,0.1913088085561608,2024,12,2,0,0,337,31
2024-12-03,0.0781272517630354,2024,12,3,0,1,338,31
2024-12-04,-0.1451491894805028,2024,12,4,0,2,339,31
2024-12-05,0.0903000549104067,2024,12,5,0,3,340,31
2024-12-06,-0.263274130693117,2024,12,6,0,4,341,31
2024-12-07,0.3649146435760318,2024,12,7,0,5,342,31
2024-12-08,-0.1930091239977264,2024,12,8,0,6,343,31
2024-12-09,0.2745080069143838,2024,12,9,0,0,344,31
2024-12-10,-0.5016966180133314,2024,12,10,0,1,345,31
2024-12-11,0.2000109894176598,2024,12,11,0,2,346,31
2024-12-12,0.1488223917296713,2024,12,12,0,3,347,31
2024-12-13,-0.0266312760724448,2024,12,13,0,4,348,31
2024-12-14,0.055513477382856,2024,12,14,0,5,349,31
2024-12-15,-0.3686053912532913,2024,12,15,0,6,350,31
2024-12-16,0.3839848492116607,2024,12,16,0,0,351,31
2024-12-17,-0.1690430694228467,2024,12,17,0,1,352,31
2024-12-18,0.1831124781088387,2024,12,18,0,2,353,31
2024-12-19,-0.0891940049857461,2024,12,19,0,3,354,31
2024-12-20,-0.4775623874255715,2024,12,20,0,4,355,31
2024-12-21,0.8077347224876908,2024,12,21,0,5,356,31
2024-12-22,-0.4193107405514008,2024,12,22,0,6,357,31
2024-12-23,-0.1586617376243613,2024,12,23,0,0,358,31
2024-12-24,0.288070817285419,2024,12,24,0,1,359,31
2024-12-25,-0.0381773209641716,2024,12,25,0,2,360,31
2024-12-26,0.0500191515994221,2024,12,26,0,3,361,31
2024-12-27,-0.3173791675043312,2024,12,27,0,4,362,31
2024-12-28,0.240702237186985,2024,12,28,0,5,363,31
2024-12-29,0.1067650048795386,2024,12,29,0,6,364,31
2024-12-30,-0.2195508125129674,2024,12,30,0,0,365,31
2024-12-31,0.1896156776264944,2024,12,31,0,1,366,31
2025-01-01,-0.3232021252828854,2025,1,1,0,2,1,31
2025-01-02,0.3658910189533864,2025,1,2,0,3,2,31
2025-01-03,-0.3029369171441372,2025,1,3,0,4,3,31
2025-01-04,0.4062213481387655,2025,1,4,0,5,4,31
2025-01-05,-0.4175004576683762,2025,1,5,0,6,5,31
2025-01-06,0.1394875893756876,2025,1,6,0,0,6,31
2025-01-07,0.2599967151584608,2025,1,7,0,1,7,31
2025-01-08,-0.3886996113406484,2025,1,8,0,2,8,31
2025-01-09,0.2231896354750287,2025,1,9,0,3,9,31
2025-01-10,-0.1969746141648044,2025,1,10,0,4,10,31
2025-01-11,0.0406449691623282,2025,1,11,0,5,11,31
2025-01-12,0.3503203413936098,2025,1,12,0,6,12,31
2025-01-13,-0.2600035728716505,2025,1,13,0,0,13,31
2025-01-14,-0.1865976630518883,2025,1,14,0,1,14,31
2025-01-15,0.1651062499279154,2025,1,15,0,2,15,31
2025-01-16,0.1764409605020791,2025,1,16,0,3,16,31
2025-01-17,-0.3063118881720629,2025,1,17,0,4,17,31
2025-01-18,0.2610840345470194,2025,1,18,0,5,18,31
2025-01-19,0.0712739349400147,2025,1,19,0,6,19,31
2025-01-20,-0.496194218118491,2025,1,20,0,0,20,31
2025-01-21,0.3998571364685053,2025,1,21,0,1,21,31
2025-01-22,-0.0117574363269946,2025,1,22,0,2,22,31
2025-01-23,-0.1508770587123176,2025,1,23,0,3,23,31
2025-01-24,0.130557759163846,2025,1,24,0,4,24,31
2025-01-25,-0.1160004257106946,2025,1,25,0,5,25,31
2025-01-26,0.130750585543757,2025,1,26,0,6,26,31
2025-01-27,-0.0754314007991724,2025,1,27,0,0,27,31
2025-01-28,0.0263437138459225,2025,1,28,0,1,28,31
2025-01-29,-0.1159009822425868,2025,1,29,0,2,29,31
2025-01-30,0.0974558410664386,2025,1,30,0,3,30,31
2025-01-31,0.0457691977864441,2025,1,31,0,4,31,31
2025-02-01,-0.0013890055192834,2025,2,1,0,5,32,28
2025-02-02,0.0543113860760323,2025,2,2,0,6,33,28
2025-02-03,-0.390903041184464,2025,2,3,0,0,34,28
2025-02-04,0.5691487791686949,2025,2,4,0,1,35,28
2025-02-05,-0.4434911527360131,2025,2,5,0,2,36,28
2025-02-06,0.2467405229553897,2025,2,6,0,3,37,28
2025-02-07,-0.1640873576953739,2025,2,7,0,4,38,28
2025-02-08,0.1371955027462604,2025,2,8,0,5,39,28
2025-02-09,0.0460843814281565,2025,2,9,0,6,40,28
2025-02-10,-0.2441172174168085,2025,2,10,0,0,41,28
2025-02-11,0.0551816399857365,2025,2,11,0,1,42,28
2025-02-12,0.2403500697082073,2025,2,12,0,2,43,28
2025-02-13,-0.1706183806802046,2025,2,13,0,3,44,28
2025-02-14,0.0401228992639308,2025,2,14,0,4,45,28
2025-02-15,0.0030350131395057,2025,2,15,0,5,46,28
2025-02-16,-0.0597656723075872,2025,2,16,0,6,47,28
2025-02-17,-0.1197714614437879,2025,2,17,0,0,48,28
2025-02-18,0.4881805020170999,2025,2,18,0,1,49,28
2025-02-19,-0.59390951346805,2025,2,19,0,2,50,28
2025-02-20,0.2256554868933584,2025,2,20,0,3,51,28
2025-02-21,0.2851952478277252,2025,2,21,0,4,52,28
2025-02-22,-0.4770035039463375,2025,2,22,0,5,53,28
2025-02-23,0.2505535793185218,2025,2,23,0,6,54,28
2025-02-24,0.2199436398957489,2025,2,24,0,0,55,28
2025-02-25,-0.5300084392094337,2025,2,25,0,1,56,28
2025-02-26,0.4572723089289134,2025,2,26,0,2,57,28
2025-02-27,-0.2601441591977598,2025,2,27,0,3,58,28
2025-02-28,0.1896084246562076,2025,2,28,0,4,59,28
2025-03-01,-0.2378812595108707,2025,3,1,0,5,60,31
2025-03-02,0.0069124510450299,2025,3,2,0,6,61,31
2025-03-03,0.6648979296398148,2025,3,3,0,0,62,31
2025-03-04,-1.0846424824486902,2025,3,4,0,1,63,31
2025-03-05,0.6456647905844398,2025,3,5,0,2,64,31
2025-03-06,0.1432129072705825,2025,3,6,0,3,65,31
2025-03-07,-0.2404517286354418,2025,3,7,0,4,66,31
2025-03-08,-0.2599374947497042,2025,3,8,0,5,67,31
2025-03-09,0.5379028899823447,2025,3,9,0,6,68,31
2025-03-10,-0.283184625597653,2025,3,10,0,0,69,31
2025-03-11,-0.3428846130289482,2025,3,11,0,1,70,31
2025-03-12,0.5590193176678633,2025,3,12,0,2,71,31
2025-03-13,-0.0312501974064832,2025,3,13,0,3,72,31
2025-03-14,-0.4600137592101799,2025,3,14,0,4,73,31
2025-03-15,0.3686126379755015,2025,3,15,0,5,74,31
2025-03-16,0.0926165598941272,2025,3,16,0,6,75,31
2025-03-17,-0.3791563365029088,2025,3,17,0,0,76,31
2025-03-18,0.3247434526421419,2025,3,18,0,1,77,31
2025-03-19,-0.3333776860923127,2025,3,19,0,2,78,31
2025-03-20,0.4412786833726687,2025,3,20,0,3,79,31
2025-03-21,-0.2835261896835671,2025,3,21,0,4,80,31
2025-03-22,0.0243819050092088,2025,3,22,0,5,81,31
2025-03-23,0.0125654325851199,2025,3,23,0,6,82,31
2025-03-24,-0.0210380917906019,2025,3,24,0,0,83,31
2025-03-25,0.061507221247535,2025,3,25,0,1,84,31
2025-03-26,0.050805298343957,2025,3,26,0,2,85,31
2025-03-27,-0.2095537975737431,2025,3,27,0,3,86,31
2025-03-28,0.2591578875361678,2025,3,28,0,4,87,31
2025-03-29,-0.1193002856715339,2025,3,29,0,5,88,31
2025-03-30,-0.0656227630769766,2025,3,30,0,6,89,31
2025-03-31,0.0292025494061918,2025,3,31,0,0,90,31
2025-04-01,-0.0177144622976155,2025,4,1,0,1,91,30
2025-04-02,0.2644941056760679,2025,4,2,0,2,92,30
2025-04-03,-0.4092980601836851,2025,4,3,0,3,93,30
2025-04-04,0.1733921039671374,2025,4,4,0,4,94,30
2025-04-05,0.0647218038055339,2025,4,5,0,5,95,30
2025-04-06,0.1730357288709233,2025,4,6,0,6,96,30
2025-04-07,-0.5220422480243777,2025,4,7,0,0,97,30
2025-04-08,0.5383682441460605,2025,4,8,0,1,98,30
2025-04-09,-0.5798525233786468,2025,4,9,0,2,99,30
2025-04-10,0.7100230389092236,2025,4,10,0,3,100,30
2025-04-11,-0.5238079628325005,2025,4,11,0,4,101,30
2025-04-12,0.0458943858432882,2025,4,12,0,5,102,30
2025-04-13,0.3266932734352001,2025,4,13,0,6,103,30
2025-04-14,-0.3237781558025032,2025,4,14,0,0,104,30
2025-04-15,0.2017641376539456,2025,4,15,0,1,105,30
2025-04-16,-0.1851169340988398,2025,4,16,0,2,106,30
2025-04-17,0.0937233543881684,2025,4,17,0,3,107,30
2025-04-18,-0.0104723180031673,2025,4,18,0,4,108,30
2025-04-19,0.0450980710613095,2025,4,19,0,5,109,30
2025-04-20,0.0204449187815012,2025,4,20,0,6,110,30
2025-04-21,-0.0755092400397405,2025,4,21,0,0,111,30
2025-04-22,-0.1575486295051276,2025,4,22,0,1,112,30
2025-04-23,0.334974608856605,2025,4,23,0,2,113,30
2025-04-24,-0.2129152872755284,2025,4,24,0,3,114,30
2025-04-25,0.1318987622751302,2025,4,25,0,4,115,30
2025-04-26,-0.1034266056215789,2025,4,26,0,5,116,30
2025-04-27,0.0063935938924159,2025,4,27,0,6,117,30
2025-04-28,-0.0067270210507629,2025,4,28,0,0,118,30
2025-04-29,0.0801974456287012,2025,4,29,0,1,119,30
2025-04-30,-0.0280777658357132,2025,4,30,0,2,120,30
2025-05-01,-0.1633738048252222,2025,5,1,0,3,121,31
2025-05-02,0.2504560252969156,2025,5,2,0,4,122,31
2025-05-03,-0.1642965077507908,2025,5,3,0,5,123,31
2025-05-04,0.1373411044663051,2025,5,4,0,6,124,31
2025-05-05,-0.111525942092813,2025,5,5,0,0,125,31
2025-05-06,-0.0542541486922327,2025,5,6,0,1,126,31
2025-05-07,0.2230380586417111,2025,5,7,0,2,127,31
2025-05-08,-0.384101262963683,2025,5,8,0,3,128,31
2025-05-09,0.4620259748442511,2025,5,9,0,4,129,31
2025-05-10,-0.429259540287636,2025,5,10,0,5,130,31
2025-05-11,0.4944321970947579,2025,5,11,0,6,131,31
2025-05-12,-0.4678847144543472,2025,5,12,0,0,132,31
2025-05-13,0.140611683957104,2025,5,13,0,1,133,31
2025-05-14,0.1726611999673154,2025,5,14,0,2,134,31
2025-05-15,-0.1287794556170768,2025,5,15,0,3,135,31
2025-05-16,-0.1012096302399267,2025,5,16,0,4,136,31
2025-05-17,0.1686371211197216,2025,5,17,0,5,137,31
2025-05-18,-0.1715446287690592,2025,5,18,0,6,138,31
2025-05-19,0.2372251637679759,2025,5,19,0,0,139,31
2025-05-20,-0.179979596111958,2025,5,20,0,1,140,31
2025-05-21,-0.0313348743898308,2025,5,21,0,2,141,31
2025-05-22,0.0049625383150867,2025,5,22,0,3,142,31
2025-05-23,0.3990224903738387,2025,5,23,0,4,143,31
2025-05-24,-0.5514110165287014,2025,5,24,0,5,144,31
2025-05-25,0.1861981176312873,2025,5,25,0,6,145,31
2025-05-26,0.099856790079972,2025,5,26,0,0,146,31
2025-05-27,-0.0746801559993025,2025,5,27,0,1,147,31
2025-05-28,0.0092497444728506,2025,5,28,0,2,148,31
2025-05-29,0.039223896825886,2025,5,29,0,3,149,31
2025-05-30,-0.0010905897801767,2025,5,30,0,4,150,31
2025-05-31,-0.1268584280928098,2025,5,31,0,5,151,31
2025-06-01,0.1062866122272913,2025,6,1,0,6,152,30
2025-06-02,-0.0261782609006172,2025,6,2,0,0,153,30
2025-06-03,0.0217114576913456,2025,6,3,0,1,154,30
2025-06-04,0.0303772810969313,2025,6,4,0,2,155,30
2025-06-05,0.0676505531473261,2025,6,5,0,3,156,30
2025-06-06,-0.3665005892297371,2025,6,6,0,4,157,30
2025-06-07,0.3890211380164341,2025,6,7,0,5,158,30
2025-06-08,-0.0916970581733463,2025,6,8,0,6,159,30
2025-06-09,-0.1681461787370322,2025,6,9,0,0,160,30
2025-06-10,0.1822206408230021,2025,6,10,0,1,161,30
2025-06-11,0.0111090170078153,2025,6,11,0,2,162,30
2025-06-12,-0.0335391468900856,2025,6,12,0,3,163,30
2025-06-13,-0.0944379794260639,2025,6,13,0,4,164,30
2025-06-14,0.0862042257126404,2025,6,14,0,5,165,30
2025-06-15,-0.1137026001969306,2025,6,15,0,6,166,30
2025-06-16,0.143452294887119,2025,6,16,0,0,167,30
2025-06-17,0.0235381326854443,2025,6,17,0,1,168,30
2025-06-18,-0.1595472336533441,2025,6,18,0,2,169,30
2025-06-19,0.0573483741699076,2025,6,19,0,3,170,30
2025-06-20,0.118243457128849,2025,6,20,0,4,171,30
2025-06-21,-0.0841724558698013,2025,6,21,0,5,172,30
2025-06-22,0.0023604797635889,2025,6,22,0,6,173,30
2025-06-23,-0.2432694660893515,2025,6,23,0,0,174,30
2025-06-24,0.3958664127932544,2025,6,24,0,1,175,30
2025-06-25,-0.0691914366786868,2025,6,25,0,2,176,30
2025-06-26,-0.1450718174299038,2025,6,26,0,3,177,30
2025-06-27,-0.0081923898989603,2025,6,27,0,4,178,30
2025-06-28,0.0718105567281949,2025,6,28,0,5,179,30
2025-06-29,-0.0503173047884548,2025,6,29,0,6,180,30
2025-06-30,0.1142943155257821,2025,6,30,0,0,181,30
2025-07-01,0.0614142942268459,2025,7,1,0,1,182,31
2025-07-02,-0.4772154742948162,2025,7,2,0,2,183,31
2025-07-03,0.4720674340040129,2025,7,3,0,3,184,31
2025-07-04,0.0511581370363021,2025,7,4,0,4,185,31
2025-07-05,-0.3436427760132224,2025,7,5,0,5,186,31
2025-07-06,0.1363764929013736,2025,7,6,0,6,187,31
2025-07-07,0.1276301985598177,2025,7,7,0,0,188,31
2025-07-08,-0.1240418332148368,2025,7,8,0,1,189,31
2025-07-09,-0.0512726892898996,2025,7,9,0,2,190,31
2025-07-10,0.0136791101490537,2025,7,10,0,3,191,31
2025-07-11,0.1453718408131611,2025,7,11,0,4,192,31
2025-07-12,-0.0016355394599974,2025,7,12,0,5,193,31
2025-07-13,-0.2235544895395049,2025,7,13,0,6,194,31
2025-07-14,0.239064872289365,2025,7,14,0,0,195,31
2025-07-15,-0.1275507108829942,2025,7,15,0,1,196,31
2025-07-16,0.014282497770511,2025,7,16,0,2,197,31
2025-07-17,-0.1136038257276816,2025,7,17,0,3,198,31
2025-07-18,0.3316250386276674,2025,7,18,0,4,199,31
2025-07-19,-0.2764250790622266,2025,7,19,0,5,200,31
2025-07-20,0.0238888468381324,2025,7,20,0,6,201,31
2025-07-21,0.0101587947014813,2025,7,21,0,0,202,31
2025-07-22,0.033843329610646,2025,7,22,0,1,203,31
2025-07-23,0.2803998459738771,2025,7,23,0,2,204,31
2025-07-24,-0.5171581929482332,2025,7,24,0,3,205,31
2025-07-25,0.2102123189564327,2025,7,25,0,4,206,31
2025-07-26,0.0730311728748165,2025,7,26,0,5,207,31
2025-07-27,-0.0888922106521908,2025,7,27,0,6,208,31
2025-07-28,0.186865547456788,2025,7,28,0,0,209,31
2025-07-29,-0.2551556679134461,2025,7,29,0,1,210,31
2025-07-30,0.1313927202267891,2025,7,30,0,2,211,31
2025-07-31,0.024141435721095,2025,7,31,0,3,212,31
